id,type,frame,magnitude,map,path
barracuda_drone,ship,,,material,graphics/BR/shaders/material/ships/barracuda_drone_material.png
brdy_asura,ship,,,material,graphics/BR/shaders/material/ships/asura_new_material.png
brdy_bulwark,ship,,,material,graphics/BR/shaders/material/ships/heavydronet_material.png
brdy_cetonia,ship,,,material,graphics/BR/shaders/material/ships/brdy_cetonia_material.png
brdy_convergence,ship,,,material,graphics/BR/shaders/material/ships/brdy_convergence_material.png
brdy_desdinova,ship,,,material,graphics/BR/shaders/material/ships/desdinova2_material.png
brdy_dipteron,ship,,,material,graphics/BR/shaders/material/ships/dipteron_interceptor_material.png
brdy_eschaton,ship,,,material,graphics/BR/shaders/material/ships/brdy_eschaton_material.png
brdy_galedrone,ship,,,material,graphics/BR/shaders/material/ships/gale_drone_material.png
brdy_gonodactylus,ship,,,material,graphics/BR/shaders/material/ships/gonodactylus_material.png
brdy_imaginos,ship,,,material,graphics/BR/shaders/material/ships/scalarfrig_material.png
brdy_karkinos,ship,,,material,graphics/BR/shaders/material/ships/karkinos_material.png
brdy_krait,ship,,,material,graphics/BR/shaders/material/ships/krait_material.png
brdy_kurmaraja,ship,,,material,graphics/BR/shaders/material/ships/kurmaraja_material.png
brdy_locust,ship,,,material,graphics/BR/shaders/material/ships/locust_material.png
brdy_mantis,ship,,,material,graphics/BR/shaders/material/ships/brdymantis_material.png
brdy_nevermore,ship,,,material,graphics/BR/shaders/material/ships/nevermore_off_material.png
brdy_knight,ship,,,material,graphics/BR/shaders/material/ships/knight_material.png
brdy_robberfly,ship,,,material,graphics/BR/shaders/material/ships/robberfly_material.png
brdy_scarab,ship,,,material,graphics/BR/shaders/material/ships/scarab_material.png
brdy_scorpion,ship,,,material,graphics/BR/shaders/material/ships/scorpion_material.png
brdy_sentinel_drone,ship,,,material,graphics/BR/shaders/material/ships/brdy_sentineldrone_material.png
brdy_serket,ship,,,material,graphics/BR/shaders/material/ships/serket_material.png
brdy_stenos,ship,,,material,graphics/BR/shaders/material/ships/stenos_material.png
brdy_typheus,ship,,,material,graphics/BR/shaders/material/ships/brdy_typheus_material.png
brdy_vespa,ship,,,material,graphics/BR/shaders/material/ships/squilla_material.png
brdy_silverfish,ship,,,material,graphics/BR/shaders/material/ships/brdy_silverfish_material.png
brdy_silverfish_b,ship,,,material,graphics/BR/shaders/material/ships/brdy_silverfish_br_material.png
brdy_silverfish_mod,ship,,,material,graphics/BR/shaders/material/ships/brdy_silverfish_mod_material.png
brdy_nevermore_00,ship,,,material,graphics/BR/shaders/material/ships/nevermore_proto_material.png
brdy_morpheus,ship,,,material,graphics/BR/shaders/material/ships/morpheus_material.png
barracuda_drone,ship,,1,normal,graphics/BR/shaders/normal/ships/barracuda_drone_normal.png
brdy_asura,ship,,1,normal,graphics/BR/shaders/normal/ships/asura_new_normal.png
brdy_bulwark,ship,,1,normal,graphics/BR/shaders/normal/ships/heavydronet_normal.png
brdy_cetonia,ship,,1,normal,graphics/BR/shaders/normal/ships/brdy_cetonia_normal.png
brdy_convergence,ship,,1,normal,graphics/BR/shaders/normal/ships/brdy_convergence_normal.png
brdy_desdinova,ship,,1,normal,graphics/BR/shaders/normal/ships/desdinova2_normal.png
brdy_dipteron,ship,,1,normal,graphics/BR/shaders/normal/ships/dipteron_interceptor_normal.png
brdy_eschaton,ship,,1,normal,graphics/BR/shaders/normal/ships/brdy_eschaton_normal.png
brdy_galedrone,ship,,1,normal,graphics/BR/shaders/normal/ships/gale_drone_normal.png
brdy_gonodactylus,ship,,1,normal,graphics/BR/shaders/normal/ships/gonodactylus_normal.png
brdy_imaginos,ship,,1,normal,graphics/BR/shaders/normal/ships/scalarfrig_normal.png
brdy_karkinos,ship,,1,normal,graphics/BR/shaders/normal/ships/karkinos_normal.png
brdy_krait,ship,,1,normal,graphics/BR/shaders/normal/ships/krait_normal.png
brdy_kurmaraja,ship,,1,normal,graphics/BR/shaders/normal/ships/kurmaraja_normal.png
brdy_locust,ship,,1,normal,graphics/BR/shaders/normal/ships/locust_normal.png
brdy_mantis,ship,,1,normal,graphics/BR/shaders/normal/ships/brdymantis_normal.png
brdy_nevermore,ship,,1,normal,graphics/BR/shaders/normal/ships/nevermore_off_normal.png
brdy_knight,ship,,1,normal,graphics/BR/shaders/normal/ships/knight_normal.png
brdy_robberfly,ship,,1,normal,graphics/BR/shaders/normal/ships/robberfly_normal.png
brdy_scarab,ship,,1,normal,graphics/BR/shaders/normal/ships/scarab_normal.png
brdy_scorpion,ship,,1,normal,graphics/BR/shaders/normal/ships/scorpion_normal.png
brdy_sentinel_drone,ship,,1,normal,graphics/BR/shaders/normal/ships/brdy_sentineldrone_normal.png
brdy_serket,ship,,1,normal,graphics/BR/shaders/normal/ships/serket_normal.png
brdy_stenos,ship,,1,normal,graphics/BR/shaders/normal/ships/stenos_normal.png
brdy_typheus,ship,,1,normal,graphics/BR/shaders/normal/ships/brdy_typheus_normal.png
brdy_vespa,ship,,1,normal,graphics/BR/shaders/normal/ships/squilla_normal.png
brdy_silverfish,ship,,1,normal,graphics/BR/shaders/normal/ships/brdy_silverfish_normal.png
brdy_silverfish_b,ship,,1,normal,graphics/BR/shaders/normal/ships/brdy_silverfish_br_normal.png
brdy_silverfish_mod,ship,,1,normal,graphics/BR/shaders/normal/ships/brdy_silverfish_mod_normal.png
brdy_nevermore_00,ship,,1,normal,graphics/BR/shaders/normal/ships/nevermore_proto_normal.png
brdy_morpheus,ship,,1,normal,graphics/BR/shaders/normal/ships/morpheus_normal.png
barracuda_drone,ship,,,surface,graphics/BR/shaders/surface/ships/barracuda_drone_surface.png
brdy_asura,ship,,,surface,graphics/BR/shaders/surface/ships/asura_new_surface.png
brdy_bulwark,ship,,,surface,graphics/BR/shaders/surface/ships/heavydronet_surface.png
brdy_cetonia,ship,,,surface,graphics/BR/shaders/surface/ships/brdy_cetonia_surface.png
brdy_convergence,ship,,,surface,graphics/BR/shaders/surface/ships/brdy_convergence_surface.png
brdy_desdinova,ship,,,surface,graphics/BR/shaders/surface/ships/desdinova2_surface.png
brdy_dipteron,ship,,,surface,graphics/BR/shaders/surface/ships/dipteron_interceptor_surface.png
brdy_eschaton,ship,,,surface,graphics/BR/shaders/surface/ships/brdy_eschaton_surface.png
brdy_galedrone,ship,,,surface,graphics/BR/shaders/surface/ships/gale_drone_surface.png
brdy_gonodactylus,ship,,,surface,graphics/BR/shaders/surface/ships/gonodactylus_surface.png
brdy_imaginos,ship,,,surface,graphics/BR/shaders/surface/ships/scalarfrig_surface.png
brdy_karkinos,ship,,,surface,graphics/BR/shaders/surface/ships/karkinos_surface.png
brdy_krait,ship,,,surface,graphics/BR/shaders/surface/ships/krait_surface.png
brdy_kurmaraja,ship,,,surface,graphics/BR/shaders/surface/ships/kurmaraja_surface.png
brdy_locust,ship,,,surface,graphics/BR/shaders/surface/ships/locust_surface.png
brdy_mantis,ship,,,surface,graphics/BR/shaders/surface/ships/brdymantis_surface.png
brdy_nevermore,ship,,,surface,graphics/BR/shaders/surface/ships/nevermore_off_surface.png
brdy_knight,ship,,,surface,graphics/BR/shaders/surface/ships/knight_surface.png
brdy_robberfly,ship,,,surface,graphics/BR/shaders/surface/ships/robberfly_surface.png
brdy_scarab,ship,,,surface,graphics/BR/shaders/surface/ships/scarab_surface.png
brdy_scorpion,ship,,,surface,graphics/BR/shaders/surface/ships/scorpion_surface.png
brdy_sentinel_drone,ship,,,surface,graphics/BR/shaders/surface/ships/brdy_sentineldrone_surface.png
brdy_serket,ship,,,surface,graphics/BR/shaders/surface/ships/serket_surface.png
brdy_stenos,ship,,,surface,graphics/BR/shaders/surface/ships/stenos_surface.png
brdy_typheus,ship,,,surface,graphics/BR/shaders/surface/ships/brdy_typheus_surface.png
brdy_vespa,ship,,,surface,graphics/BR/shaders/surface/ships/squilla_surface.png
brdy_silverfish,ship,,,surface,graphics/BR/shaders/surface/ships/brdy_silverfish_surface.png
brdy_silverfish_b,ship,,,surface,graphics/BR/shaders/surface/ships/brdy_silverfish_br_surface.png
brdy_silverfish_mod,ship,,,surface,graphics/BR/shaders/surface/ships/brdy_silverfish_mod_surface.png
brdy_nevermore_00,ship,,,surface,graphics/BR/shaders/surface/ships/nevermore_proto_surface.png
brdy_morpheus,ship,,,surface,graphics/BR/shaders/surface/ships/morpheus_surface.png
brvulcan,hardpoint,,,material,graphics/BR/shaders/material/weapons/brvulcan_hp_material.png
brvulcan,hardpointbarrel,,,material,graphics/BR/shaders/material/weapons/brvulcan_barrel2_material.png
brvulcan,turret,,,material,graphics/BR/shaders/material/weapons/brvulcan_turret_material.png
brvulcan,turretbarrel,,,material,graphics/BR/shaders/material/weapons/brvulcan_barrel_material.png
br_iwbattery,hardpoint,,,material,graphics/BR/shaders/material/weapons/iwbatt_hp_material.png
br_iwbattery,hardpointbarrel,,,material,graphics/BR/shaders/material/weapons/iwbatt_hpbarrel_material.png
br_iwbattery,turret,,,material,graphics/BR/shaders/material/weapons/iwbatt_turret_material.png
br_iwbattery,turretbarrel,,,material,graphics/BR/shaders/material/weapons/iwbatt_tbarrel_material.png
brdy_ac,hardpoint,,,material,graphics/BR/shaders/material/weapons/br1_hardpoint_material.png
brdy_ac,hardpointbarrel,,,material,graphics/BR/shaders/material/weapons/br1_hardpoint_recoil_material.png
brdy_ac,turret,,,material,graphics/BR/shaders/material/weapons/br1_base_material.png
brdy_ac,turretbarrel,,,material,graphics/BR/shaders/material/weapons/br1_recoil_material.png
brdy_dualac,hardpoint,,,material,graphics/BR/shaders/material/weapons/medshard_hp_material.png
brdy_dualac,hardpointbarrel,,,material,graphics/BR/shaders/material/weapons/medshard_hbarrel_material.png
brdy_dualac,turret,,,material,graphics/BR/shaders/material/weapons/medshard_turret_material.png
brdy_dualac,turretbarrel,,,material,graphics/BR/shaders/material/weapons/medshard_tbarrel_material.png
brdy_ag,hardpoint,,,material,graphics/BR/shaders/material/weapons/br2hpbase_material.png
brdy_ag,hardpointbarrel,,,material,graphics/BR/shaders/material/weapons/br2hprecoil_material.png
brdy_ag,turret,,,material,graphics/BR/shaders/material/weapons/br2base_material.png
brdy_ag,turretbarrel,,,material,graphics/BR/shaders/material/weapons/br2turretrecoil_material.png
brdy_volley,hardpoint,,,material,graphics/BR/shaders/material/weapons/brvolley_hpbase_material.png
brdy_volley,hardpointbarrel,,,material,graphics/BR/shaders/material/weapons/brvolley_hprecoil_material.png
brdy_volley,turret,,,material,graphics/BR/shaders/material/weapons/brvolley_base_material.png
brdy_volley,turretbarrel,,,material,graphics/BR/shaders/material/weapons/brvolley_recoil_material.png
brdy_solenoid,hardpoint,,,material,graphics/BR/shaders/material/weapons/ferrogun_hpbase_material.png
brdy_solenoid,hardpointbarrel,,,material,graphics/BR/shaders/material/weapons/ferrogun_hprecoil_material.png
brdy_solenoid,turret,,,material,graphics/BR/shaders/material/weapons/ferrogun_turretbase_material.png
brdy_solenoid,turretbarrel,,,material,graphics/BR/shaders/material/weapons/ferrogun_turretrecoil_material.png
brdy_solenoidlarge,hardpoint,0,,material,graphics/BR/shaders/material/weapons/solenoid_large/sqclarge_hpbarrel00_material.png
brdy_solenoidlarge,hardpoint,1,,material,graphics/BR/shaders/material/weapons/solenoid_large/sqclarge_hpbarrel01_material.png
brdy_solenoidlarge,hardpoint,2,,material,graphics/BR/shaders/material/weapons/solenoid_large/sqclarge_hpbarrel02_material.png
brdy_solenoidlarge,hardpoint,3,,material,graphics/BR/shaders/material/weapons/solenoid_large/sqclarge_hpbarrel03_material.png
brdy_solenoidlarge,hardpoint,4,,material,graphics/BR/shaders/material/weapons/solenoid_large/sqclarge_hpbarrel04_material.png
brdy_solenoidlarge,hardpoint,5,,material,graphics/BR/shaders/material/weapons/solenoid_large/sqclarge_hpbarrel05_material.png
brdy_solenoidlarge,hardpoint,6,,material,graphics/BR/shaders/material/weapons/solenoid_large/sqclarge_hpbarrel06_material.png
brdy_solenoidlarge,hardpoint,7,,material,graphics/BR/shaders/material/weapons/solenoid_large/sqclarge_hpbarrel07_material.png
brdy_solenoidlarge,hardpoint,8,,material,graphics/BR/shaders/material/weapons/solenoid_large/sqclarge_hpbarrel08_material.png
brdy_solenoidlarge,hardpoint,9,,material,graphics/BR/shaders/material/weapons/solenoid_large/sqclarge_hpbarrel09_material.png
brdy_solenoidlarge,hardpoint,10,,material,graphics/BR/shaders/material/weapons/solenoid_large/sqclarge_hpbarrel10_material.png
brdy_solenoidlarge,hardpoint,11,,material,graphics/BR/shaders/material/weapons/solenoid_large/sqclarge_hpbarrel11_material.png
brdy_solenoidlarge,hardpoint,12,,material,graphics/BR/shaders/material/weapons/solenoid_large/sqclarge_hpbarrel12_material.png
brdy_solenoidlarge,hardpoint,13,,material,graphics/BR/shaders/material/weapons/solenoid_large/sqclarge_hpbarrel13_material.png
brdy_solenoidlarge,hardpoint,14,,material,graphics/BR/shaders/material/weapons/solenoid_large/sqclarge_hpbarrel14_material.png
brdy_solenoidlarge,hardpoint,15,,material,graphics/BR/shaders/material/weapons/solenoid_large/sqclarge_hpbarrel15_material.png
brdy_solenoidlarge,hardpoint,16,,material,graphics/BR/shaders/material/weapons/solenoid_large/sqclarge_hpbarrel16_material.png
brdy_solenoidlarge,hardpoint,17,,material,graphics/BR/shaders/material/weapons/solenoid_large/sqclarge_hpbarrel17_material.png
brdy_solenoidlarge,hardpoint,18,,material,graphics/BR/shaders/material/weapons/solenoid_large/sqclarge_hpbarrel18_material.png
brdy_solenoidlarge,hardpoint,19,,material,graphics/BR/shaders/material/weapons/solenoid_large/sqclarge_hpbarrel19_material.png
brdy_solenoidlarge,hardpoint,20,,material,graphics/BR/shaders/material/weapons/solenoid_large/sqclarge_hpbarrel20_material.png
brdy_solenoidlarge,hardpoint,21,,material,graphics/BR/shaders/material/weapons/solenoid_large/sqclarge_hpbarrel21_material.png
brdy_solenoidlarge,hardpoint,22,,material,graphics/BR/shaders/material/weapons/solenoid_large/sqclarge_hpbarrel22_material.png
brdy_solenoidlarge,hardpoint,23,,material,graphics/BR/shaders/material/weapons/solenoid_large/sqclarge_hpbarrel23_material.png
brdy_solenoidlarge,hardpoint,24,,material,graphics/BR/shaders/material/weapons/solenoid_large/sqclarge_hpbarrel24_material.png
brdy_solenoidlarge,turret,0,,material,graphics/BR/shaders/material/weapons/solenoid_large/sqclarge_turret00_material.png
brdy_solenoidlarge,turret,1,,material,graphics/BR/shaders/material/weapons/solenoid_large/sqclarge_turret01_material.png
brdy_solenoidlarge,turret,2,,material,graphics/BR/shaders/material/weapons/solenoid_large/sqclarge_turret02_material.png
brdy_solenoidlarge,turret,3,,material,graphics/BR/shaders/material/weapons/solenoid_large/sqclarge_turret03_material.png
brdy_solenoidlarge,turret,4,,material,graphics/BR/shaders/material/weapons/solenoid_large/sqclarge_turret04_material.png
brdy_solenoidlarge,turret,5,,material,graphics/BR/shaders/material/weapons/solenoid_large/sqclarge_turret05_material.png
brdy_solenoidlarge,turret,6,,material,graphics/BR/shaders/material/weapons/solenoid_large/sqclarge_turret06_material.png
brdy_solenoidlarge,turret,7,,material,graphics/BR/shaders/material/weapons/solenoid_large/sqclarge_turret07_material.png
brdy_solenoidlarge,turret,8,,material,graphics/BR/shaders/material/weapons/solenoid_large/sqclarge_turret08_material.png
brdy_solenoidlarge,turret,9,,material,graphics/BR/shaders/material/weapons/solenoid_large/sqclarge_turret09_material.png
brdy_solenoidlarge,turret,10,,material,graphics/BR/shaders/material/weapons/solenoid_large/sqclarge_turret10_material.png
brdy_solenoidlarge,turret,11,,material,graphics/BR/shaders/material/weapons/solenoid_large/sqclarge_turret11_material.png
brdy_solenoidlarge,turret,12,,material,graphics/BR/shaders/material/weapons/solenoid_large/sqclarge_turret12_material.png
brdy_solenoidlarge,turret,13,,material,graphics/BR/shaders/material/weapons/solenoid_large/sqclarge_turret13_material.png
brdy_solenoidlarge,turret,14,,material,graphics/BR/shaders/material/weapons/solenoid_large/sqclarge_turret14_material.png
brdy_solenoidlarge,turret,15,,material,graphics/BR/shaders/material/weapons/solenoid_large/sqclarge_turret15_material.png
brdy_solenoidlarge,turret,16,,material,graphics/BR/shaders/material/weapons/solenoid_large/sqclarge_turret16_material.png
brdy_solenoidlarge,turret,17,,material,graphics/BR/shaders/material/weapons/solenoid_large/sqclarge_turret17_material.png
brdy_solenoidlarge,turret,18,,material,graphics/BR/shaders/material/weapons/solenoid_large/sqclarge_turret18_material.png
brdy_solenoidlarge,turret,19,,material,graphics/BR/shaders/material/weapons/solenoid_large/sqclarge_turret19_material.png
brdy_solenoidlarge,turret,20,,material,graphics/BR/shaders/material/weapons/solenoid_large/sqclarge_turret20_material.png
brdy_solenoidlarge,turret,21,,material,graphics/BR/shaders/material/weapons/solenoid_large/sqclarge_turret21_material.png
brdy_solenoidlarge,turret,22,,material,graphics/BR/shaders/material/weapons/solenoid_large/sqclarge_turret22_material.png
brdy_solenoidlarge,turret,23,,material,graphics/BR/shaders/material/weapons/solenoid_large/sqclarge_turret23_material.png
brdy_solenoidlarge,turret,24,,material,graphics/BR/shaders/material/weapons/solenoid_large/sqclarge_turret24_material.png
brdy_squallgun,hardpoint,,,material,graphics/BR/shaders/material/weapons/strikegun_hardpoint_base_material.png
brdy_squallgun,hardpointbarrel,,,material,graphics/BR/shaders/material/weapons/strikegun_hardpoint_recoil_material.png
brdy_squallgun,turret,,,material,graphics/BR/shaders/material/weapons/strikegun_base_material.png
brdy_squallgun,turretbarrel,,,material,graphics/BR/shaders/material/weapons/strikegun_recoil_material.png
brdy_galecannon,hardpoint,,,material,graphics/BR/shaders/material/weapons/galecannon_hpbase_material.png
brdy_galecannon,hardpointbarrel,,,material,graphics/BR/shaders/material/weapons/galecannon_hpbarrel_material.png
brdy_galecannon,turret,,,material,graphics/BR/shaders/material/weapons/galecannon_tbase_material.png
brdy_galecannon,turretbarrel,,,material,graphics/BR/shaders/material/weapons/galecannon_tbarrel_material.png
brdy_dronegale,hardpoint,,,material,graphics/BR/shaders/material/weapons/dronegale_base_material.png
brdy_dronegale,hardpointbarrel,,,material,graphics/BR/shaders/material/weapons/dronegale_barrel_material.png
brdy_dronegale,turret,,,material,graphics/BR/shaders/material/weapons/galecannon_tbase_material.png
brdy_dronegale,turretbarrel,,,material,graphics/BR/shaders/material/weapons/galecannon_tbarrel_material.png
brdy_squallbattery,hardpoint,,,material,graphics/BR/shaders/material/weapons/squallbattery_hpbase_material.png
brdy_squallbattery,hardpointbarrel,,,material,graphics/BR/shaders/material/weapons/squallbattery_hprecoil_material.png
brdy_squallbattery,turret,,,material,graphics/BR/shaders/material/weapons/squallbattery_turretbase_material.png
brdy_squallbattery,turretbarrel,,,material,graphics/BR/shaders/material/weapons/squallbattery_turretrecoil_material.png
brdy_linear,hardpoint,,,material,graphics/BR/shaders/material/weapons/br_linearhp_material.png
brdy_linear,turret,,,material,graphics/BR/shaders/material/weapons/br_linearturret_material.png
brdy_argussmall,hardpoint,,,material,graphics/BR/shaders/material/weapons/argussmall_hp_material.png
brdy_argussmall,turret,,,material,graphics/BR/shaders/material/weapons/argussmall_turret_material.png
brburst,hardpoint,,,material,graphics/BR/shaders/material/weapons/arguspd_hp_base_material.png
brburst,turret,,,material,graphics/BR/shaders/material/weapons/arguspd_turret_base_material.png
brdy_plasma,hardpoint,,,material,graphics/BR/shaders/material/weapons/SQG_hardpoint_base_material.png
brdy_plasma,hardpointbarrel,,,material,graphics/BR/shaders/material/weapons/SQG_recoil_material.png
brdy_plasma,turret,,,material,graphics/BR/shaders/material/weapons/SQG_turret_base_material.png
brdy_plasma,turretbarrel,,,material,graphics/BR/shaders/material/weapons/SQG_recoil_material.png
br_pde,hardpoint,,,material,graphics/BR/shaders/material/weapons/br_pdehp_material.png
br_pde,turret,,,material,graphics/BR/shaders/material/weapons/br_pde_material.png
br_fpde,hardpoint,,,material,graphics/BR/shaders/material/weapons/br_fpde_hp_material.png
br_fpde,turret,,,material,graphics/BR/shaders/material/weapons/br_fpde_material.png
br_xlpde,hardpoint,,,material,graphics/BR/shaders/material/weapons/sunstorm_hp_material.png
br_xlpde,turret,,,material,graphics/BR/shaders/material/weapons/sunstorm_t_material.png
brdy_iwcannon,hardpoint,,,material,graphics/BR/shaders/material/weapons/br_iwcannon_hpbase_material.png
brdy_iwcannon,hardpointbarrel,,,material,graphics/BR/shaders/material/weapons/br_iwcannon_hpbarrel_material.png
brdy_iwcannon,turret,,,material,graphics/BR/shaders/material/weapons/br_iwcannon_tbase_material.png
brdy_iwcannon,turretbarrel,,,material,graphics/BR/shaders/material/weapons/br_iwcannon_tbarrel_material.png
brdy_quill,hardpoint,,,material,graphics/BR/shaders/material/weapons/quill_srm_launcher_hardpoint_base_material.png
brdy_quill,turret,,,material,graphics/BR/shaders/material/weapons/quill_srm_launcher_turret_base_material.png
voidspear_srm,hardpoint,,,material,graphics/BR/shaders/material/weapons/void_rack_hpbase_material.png
voidspear_srm,turret,,,material,graphics/BR/shaders/material/weapons/void_rack_tbase_material.png
brdy_scannon,hardpoint,,,material,graphics/BR/shaders/material/weapons/scannon_hp_material.png
brdy_scannon,turret,,,material,graphics/BR/shaders/material/weapons/scannon_t_material.png
brdy_miniargus,hardpoint,,,material,graphics/BR/shaders/material/weapons/argussmall_hp_material.png
brdy_miniargus,turret,,,material,graphics/BR/shaders/material/weapons/miniargus_turret_material.png
br_minishard,hardpoint,,,material,graphics/BR/shaders/material/weapons/microshard_hpbase_material.png
br_minishard,hardpointbarrel,,,material,graphics/BR/shaders/material/weapons/microshard_hpbarrel_material.png
br_minishard,turret,,,material,graphics/BR/shaders/material/weapons/microshard_turretbase_material.png
br_minishard,turretbarrel,,,material,graphics/BR/shaders/material/weapons/microshard_turretbarrel_material.png
brdy_afmissile,hardpoint,,,material,graphics/BR/shaders/material/weapons/smalldart_srm_hp_material.png
brdy_afmissile,turret,,,material,graphics/BR/shaders/material/weapons/smalldart_srm_turret_material.png
brdy_afmissilebig,hardpoint,,,material,graphics/BR/shaders/material/weapons/dart_srm_hp_material.png
brdy_afmissilebig,turret,,,material,graphics/BR/shaders/material/weapons/dart_srm_turret_material.png
brdy_quillpod,hardpoint,,,material,graphics/BR/shaders/material/weapons/quillpod_hardpoint_material.png
brdy_quillpod,turret,,,material,graphics/BR/shaders/material/weapons/quillpod_turret_material.png
voidspearpod,hardpoint,,,material,graphics/BR/shaders/material/weapons/void_launcher_hpbase_material.png
voidspearpod,turret,,,material,graphics/BR/shaders/material/weapons/void_launcher_tbase_material.png
brvulcan,hardpoint,,1,normal,graphics/BR/shaders/normal/weapons/brvulcan_hp_normal.png
brvulcan,hardpointbarrel,,1,normal,graphics/BR/shaders/normal/weapons/brvulcan_barrel2_normal.png
brvulcan,turret,,1,normal,graphics/BR/shaders/normal/weapons/brvulcan_turret_normal.png
brvulcan,turretbarrel,,1,normal,graphics/BR/shaders/normal/weapons/brvulcan_barrel_normal.png
br_iwbattery,hardpoint,,1,normal,graphics/BR/shaders/normal/weapons/iwbatt_hp_normal.png
br_iwbattery,hardpointbarrel,,1,normal,graphics/BR/shaders/normal/weapons/iwbatt_hpbarrel_normal.png
br_iwbattery,turret,,1,normal,graphics/BR/shaders/normal/weapons/iwbatt_turret_normal.png
br_iwbattery,turretbarrel,,1,normal,graphics/BR/shaders/normal/weapons/iwbatt_tbarrel_normal.png
brdy_ac,hardpoint,,1,normal,graphics/BR/shaders/normal/weapons/br1_hardpoint_normal.png
brdy_ac,hardpointbarrel,,1,normal,graphics/BR/shaders/normal/weapons/br1_hardpoint_recoil_normal.png
brdy_ac,turret,,1,normal,graphics/BR/shaders/normal/weapons/br1_base_normal.png
brdy_ac,turretbarrel,,1,normal,graphics/BR/shaders/normal/weapons/br1_recoil_normal.png
brdy_dualac,hardpoint,,1,normal,graphics/BR/shaders/normal/weapons/medshard_hp_normal.png
brdy_dualac,hardpointbarrel,,1,normal,graphics/BR/shaders/normal/weapons/medshard_hbarrel_normal.png
brdy_dualac,turret,,1,normal,graphics/BR/shaders/normal/weapons/medshard_turret_normal.png
brdy_dualac,turretbarrel,,1,normal,graphics/BR/shaders/normal/weapons/medshard_tbarrel_normal.png
brdy_ag,hardpoint,,1,normal,graphics/BR/shaders/normal/weapons/br2hpbase_normal.png
brdy_ag,hardpointbarrel,,1,normal,graphics/BR/shaders/normal/weapons/br2hprecoil_normal.png
brdy_ag,turret,,1,normal,graphics/BR/shaders/normal/weapons/br2base_normal.png
brdy_ag,turretbarrel,,1,normal,graphics/BR/shaders/normal/weapons/br2turretrecoil_normal.png
brdy_volley,hardpoint,,1,normal,graphics/BR/shaders/normal/weapons/brvolley_hpbase_normal.png
brdy_volley,hardpointbarrel,,1,normal,graphics/BR/shaders/normal/weapons/brvolley_hprecoil_normal.png
brdy_volley,turret,,1,normal,graphics/BR/shaders/normal/weapons/brvolley_base_normal.png
brdy_volley,turretbarrel,,1,normal,graphics/BR/shaders/normal/weapons/brvolley_recoil_normal.png
brdy_solenoid,hardpoint,,1,normal,graphics/BR/shaders/normal/weapons/ferrogun_hpbase_normal.png
brdy_solenoid,hardpointbarrel,,1,normal,graphics/BR/shaders/normal/weapons/ferrogun_hprecoil_normal.png
brdy_solenoid,turret,,1,normal,graphics/BR/shaders/normal/weapons/ferrogun_turretbase_normal.png
brdy_solenoid,turretbarrel,,1,normal,graphics/BR/shaders/normal/weapons/ferrogun_turretrecoil_normal.png
brdy_solenoidlarge,hardpoint,0,1,normal,graphics/BR/shaders/normal/weapons/solenoid_large/sqclarge_hpbarrel00_normal.png
brdy_solenoidlarge,hardpoint,1,1,normal,graphics/BR/shaders/normal/weapons/solenoid_large/sqclarge_hpbarrel01_normal.png
brdy_solenoidlarge,hardpoint,2,1,normal,graphics/BR/shaders/normal/weapons/solenoid_large/sqclarge_hpbarrel02_normal.png
brdy_solenoidlarge,hardpoint,3,1,normal,graphics/BR/shaders/normal/weapons/solenoid_large/sqclarge_hpbarrel03_normal.png
brdy_solenoidlarge,hardpoint,4,1,normal,graphics/BR/shaders/normal/weapons/solenoid_large/sqclarge_hpbarrel04_normal.png
brdy_solenoidlarge,hardpoint,5,1,normal,graphics/BR/shaders/normal/weapons/solenoid_large/sqclarge_hpbarrel05_normal.png
brdy_solenoidlarge,hardpoint,6,1,normal,graphics/BR/shaders/normal/weapons/solenoid_large/sqclarge_hpbarrel06_normal.png
brdy_solenoidlarge,hardpoint,7,1,normal,graphics/BR/shaders/normal/weapons/solenoid_large/sqclarge_hpbarrel07_normal.png
brdy_solenoidlarge,hardpoint,8,1,normal,graphics/BR/shaders/normal/weapons/solenoid_large/sqclarge_hpbarrel08_normal.png
brdy_solenoidlarge,hardpoint,9,1,normal,graphics/BR/shaders/normal/weapons/solenoid_large/sqclarge_hpbarrel09_normal.png
brdy_solenoidlarge,hardpoint,10,1,normal,graphics/BR/shaders/normal/weapons/solenoid_large/sqclarge_hpbarrel10_normal.png
brdy_solenoidlarge,hardpoint,11,1,normal,graphics/BR/shaders/normal/weapons/solenoid_large/sqclarge_hpbarrel11_normal.png
brdy_solenoidlarge,hardpoint,12,1,normal,graphics/BR/shaders/normal/weapons/solenoid_large/sqclarge_hpbarrel12_normal.png
brdy_solenoidlarge,hardpoint,13,1,normal,graphics/BR/shaders/normal/weapons/solenoid_large/sqclarge_hpbarrel13_normal.png
brdy_solenoidlarge,hardpoint,14,1,normal,graphics/BR/shaders/normal/weapons/solenoid_large/sqclarge_hpbarrel14_normal.png
brdy_solenoidlarge,hardpoint,15,1,normal,graphics/BR/shaders/normal/weapons/solenoid_large/sqclarge_hpbarrel15_normal.png
brdy_solenoidlarge,hardpoint,16,1,normal,graphics/BR/shaders/normal/weapons/solenoid_large/sqclarge_hpbarrel16_normal.png
brdy_solenoidlarge,hardpoint,17,1,normal,graphics/BR/shaders/normal/weapons/solenoid_large/sqclarge_hpbarrel17_normal.png
brdy_solenoidlarge,hardpoint,18,1,normal,graphics/BR/shaders/normal/weapons/solenoid_large/sqclarge_hpbarrel18_normal.png
brdy_solenoidlarge,hardpoint,19,1,normal,graphics/BR/shaders/normal/weapons/solenoid_large/sqclarge_hpbarrel19_normal.png
brdy_solenoidlarge,hardpoint,20,1,normal,graphics/BR/shaders/normal/weapons/solenoid_large/sqclarge_hpbarrel20_normal.png
brdy_solenoidlarge,hardpoint,21,1,normal,graphics/BR/shaders/normal/weapons/solenoid_large/sqclarge_hpbarrel21_normal.png
brdy_solenoidlarge,hardpoint,22,1,normal,graphics/BR/shaders/normal/weapons/solenoid_large/sqclarge_hpbarrel22_normal.png
brdy_solenoidlarge,hardpoint,23,1,normal,graphics/BR/shaders/normal/weapons/solenoid_large/sqclarge_hpbarrel23_normal.png
brdy_solenoidlarge,hardpoint,24,1,normal,graphics/BR/shaders/normal/weapons/solenoid_large/sqclarge_hpbarrel24_normal.png
brdy_solenoidlarge,turret,0,1,normal,graphics/BR/shaders/normal/weapons/solenoid_large/sqclarge_turret00_normal.png
brdy_solenoidlarge,turret,1,1,normal,graphics/BR/shaders/normal/weapons/solenoid_large/sqclarge_turret01_normal.png
brdy_solenoidlarge,turret,2,1,normal,graphics/BR/shaders/normal/weapons/solenoid_large/sqclarge_turret02_normal.png
brdy_solenoidlarge,turret,3,1,normal,graphics/BR/shaders/normal/weapons/solenoid_large/sqclarge_turret03_normal.png
brdy_solenoidlarge,turret,4,1,normal,graphics/BR/shaders/normal/weapons/solenoid_large/sqclarge_turret04_normal.png
brdy_solenoidlarge,turret,5,1,normal,graphics/BR/shaders/normal/weapons/solenoid_large/sqclarge_turret05_normal.png
brdy_solenoidlarge,turret,6,1,normal,graphics/BR/shaders/normal/weapons/solenoid_large/sqclarge_turret06_normal.png
brdy_solenoidlarge,turret,7,1,normal,graphics/BR/shaders/normal/weapons/solenoid_large/sqclarge_turret07_normal.png
brdy_solenoidlarge,turret,8,1,normal,graphics/BR/shaders/normal/weapons/solenoid_large/sqclarge_turret08_normal.png
brdy_solenoidlarge,turret,9,1,normal,graphics/BR/shaders/normal/weapons/solenoid_large/sqclarge_turret09_normal.png
brdy_solenoidlarge,turret,10,1,normal,graphics/BR/shaders/normal/weapons/solenoid_large/sqclarge_turret10_normal.png
brdy_solenoidlarge,turret,11,1,normal,graphics/BR/shaders/normal/weapons/solenoid_large/sqclarge_turret11_normal.png
brdy_solenoidlarge,turret,12,1,normal,graphics/BR/shaders/normal/weapons/solenoid_large/sqclarge_turret12_normal.png
brdy_solenoidlarge,turret,13,1,normal,graphics/BR/shaders/normal/weapons/solenoid_large/sqclarge_turret13_normal.png
brdy_solenoidlarge,turret,14,1,normal,graphics/BR/shaders/normal/weapons/solenoid_large/sqclarge_turret14_normal.png
brdy_solenoidlarge,turret,15,1,normal,graphics/BR/shaders/normal/weapons/solenoid_large/sqclarge_turret15_normal.png
brdy_solenoidlarge,turret,16,1,normal,graphics/BR/shaders/normal/weapons/solenoid_large/sqclarge_turret16_normal.png
brdy_solenoidlarge,turret,17,1,normal,graphics/BR/shaders/normal/weapons/solenoid_large/sqclarge_turret17_normal.png
brdy_solenoidlarge,turret,18,1,normal,graphics/BR/shaders/normal/weapons/solenoid_large/sqclarge_turret18_normal.png
brdy_solenoidlarge,turret,19,1,normal,graphics/BR/shaders/normal/weapons/solenoid_large/sqclarge_turret19_normal.png
brdy_solenoidlarge,turret,20,1,normal,graphics/BR/shaders/normal/weapons/solenoid_large/sqclarge_turret20_normal.png
brdy_solenoidlarge,turret,21,1,normal,graphics/BR/shaders/normal/weapons/solenoid_large/sqclarge_turret21_normal.png
brdy_solenoidlarge,turret,22,1,normal,graphics/BR/shaders/normal/weapons/solenoid_large/sqclarge_turret22_normal.png
brdy_solenoidlarge,turret,23,1,normal,graphics/BR/shaders/normal/weapons/solenoid_large/sqclarge_turret23_normal.png
brdy_solenoidlarge,turret,24,1,normal,graphics/BR/shaders/normal/weapons/solenoid_large/sqclarge_turret24_normal.png
brdy_squallgun,hardpoint,,1,normal,graphics/BR/shaders/normal/weapons/strikegun_hardpoint_base_normal.png
brdy_squallgun,hardpointbarrel,,1,normal,graphics/BR/shaders/normal/weapons/strikegun_hardpoint_recoil_normal.png
brdy_squallgun,turret,,1,normal,graphics/BR/shaders/normal/weapons/strikegun_base_normal.png
brdy_squallgun,turretbarrel,,1,normal,graphics/BR/shaders/normal/weapons/strikegun_recoil_normal.png
brdy_galecannon,hardpoint,,1,normal,graphics/BR/shaders/normal/weapons/galecannon_hpbase_normal.png
brdy_galecannon,hardpointbarrel,,1,normal,graphics/BR/shaders/normal/weapons/galecannon_hpbarrel_normal.png
brdy_galecannon,turret,,1,normal,graphics/BR/shaders/normal/weapons/galecannon_tbase_normal.png
brdy_galecannon,turretbarrel,,1,normal,graphics/BR/shaders/normal/weapons/galecannon_tbarrel_normal.png
brdy_dronegale,hardpoint,,1,normal,graphics/BR/shaders/normal/weapons/dronegale_base_normal.png
brdy_dronegale,hardpointbarrel,,1,normal,graphics/BR/shaders/normal/weapons/dronegale_barrel_normal.png
brdy_dronegale,turret,,1,normal,graphics/BR/shaders/normal/weapons/galecannon_tbase_normal.png
brdy_dronegale,turretbarrel,,1,normal,graphics/BR/shaders/normal/weapons/galecannon_tbarrel_normal.png
brdy_squallbattery,hardpoint,,1,normal,graphics/BR/shaders/normal/weapons/squallbattery_hpbase_normal.png
brdy_squallbattery,hardpointbarrel,,1,normal,graphics/BR/shaders/normal/weapons/squallbattery_hprecoil_normal.png
brdy_squallbattery,turret,,1,normal,graphics/BR/shaders/normal/weapons/squallbattery_turretbase_normal.png
brdy_squallbattery,turretbarrel,,1,normal,graphics/BR/shaders/normal/weapons/squallbattery_turretrecoil_normal.png
brdy_linear,hardpoint,,1,normal,graphics/BR/shaders/normal/weapons/br_linearhp_normal.png
brdy_linear,turret,,1,normal,graphics/BR/shaders/normal/weapons/br_linearturret_normal.png
brdy_argussmall,hardpoint,,1,normal,graphics/BR/shaders/normal/weapons/argussmall_hp_normal.png
brdy_argussmall,turret,,1,normal,graphics/BR/shaders/normal/weapons/argussmall_turret_normal.png
brburst,hardpoint,,1,normal,graphics/BR/shaders/normal/weapons/arguspd_hp_base_normal.png
brburst,turret,,1,normal,graphics/BR/shaders/normal/weapons/arguspd_turret_base_normal.png
brdy_plasma,hardpoint,,1,normal,graphics/BR/shaders/normal/weapons/SQG_hardpoint_base_normal.png
brdy_plasma,hardpointbarrel,,1,normal,graphics/BR/shaders/normal/weapons/SQG_recoil_normal.png
brdy_plasma,turret,,1,normal,graphics/BR/shaders/normal/weapons/SQG_turret_base_normal.png
brdy_plasma,turretbarrel,,1,normal,graphics/BR/shaders/normal/weapons/SQG_recoil_normal.png
br_pde,hardpoint,,1,normal,graphics/BR/shaders/normal/weapons/br_pdehp_normal.png
br_pde,turret,,1,normal,graphics/BR/shaders/normal/weapons/br_pde_normal.png
br_fpde,hardpoint,,1,normal,graphics/BR/shaders/normal/weapons/br_fpde_hp_normal.png
br_fpde,turret,,1,normal,graphics/BR/shaders/normal/weapons/br_fpde_normal.png
br_xlpde,hardpoint,,1,normal,graphics/BR/shaders/normal/weapons/sunstorm_hp_normal.png
br_xlpde,turret,,1,normal,graphics/BR/shaders/normal/weapons/sunstorm_t_normal.png
brdy_iwcannon,hardpoint,,1,normal,graphics/BR/shaders/normal/weapons/br_iwcannon_hpbase_normal.png
brdy_iwcannon,hardpointbarrel,,1,normal,graphics/BR/shaders/normal/weapons/br_iwcannon_hpbarrel_normal.png
brdy_iwcannon,turret,,1,normal,graphics/BR/shaders/normal/weapons/br_iwcannon_tbase_normal.png
brdy_iwcannon,turretbarrel,,1,normal,graphics/BR/shaders/normal/weapons/br_iwcannon_tbarrel_normal.png
brdy_quill,hardpoint,,1,normal,graphics/BR/shaders/normal/weapons/quill_srm_launcher_hardpoint_base_normal.png
brdy_quill,turret,,1,normal,graphics/BR/shaders/normal/weapons/quill_srm_launcher_turret_base_normal.png
voidspear_srm,hardpoint,,1,normal,graphics/BR/shaders/normal/weapons/void_rack_hpbase_normal.png
voidspear_srm,turret,,1,normal,graphics/BR/shaders/normal/weapons/void_rack_tbase_normal.png
brdy_scannon,hardpoint,,1,normal,graphics/BR/shaders/normal/weapons/scannon_hp_normal.png
brdy_scannon,turret,,1,normal,graphics/BR/shaders/normal/weapons/scannon_t_normal.png
brdy_miniargus,hardpoint,,1,normal,graphics/BR/shaders/normal/weapons/argussmall_hp_normal.png
brdy_miniargus,turret,,1,normal,graphics/BR/shaders/normal/weapons/miniargus_turret_normal.png
br_minishard,hardpoint,,1,normal,graphics/BR/shaders/normal/weapons/microshard_hpbase_normal.png
br_minishard,hardpointbarrel,,1,normal,graphics/BR/shaders/normal/weapons/microshard_hpbarrel_normal.png
br_minishard,turret,,1,normal,graphics/BR/shaders/normal/weapons/microshard_turretbase_normal.png
br_minishard,turretbarrel,,1,normal,graphics/BR/shaders/normal/weapons/microshard_turretbarrel_normal.png
brdy_afmissile,hardpoint,,1,normal,graphics/BR/shaders/normal/weapons/smalldart_srm_hp_normal.png
brdy_afmissile,turret,,1,normal,graphics/BR/shaders/normal/weapons/smalldart_srm_turret_normal.png
brdy_afmissilebig,hardpoint,,1,normal,graphics/BR/shaders/normal/weapons/dart_srm_hp_normal.png
brdy_afmissilebig,turret,,1,normal,graphics/BR/shaders/normal/weapons/dart_srm_turret_normal.png
brdy_quillpod,hardpoint,,1,normal,graphics/BR/shaders/normal/weapons/quillpod_hardpoint_normal.png
brdy_quillpod,turret,,1,normal,graphics/BR/shaders/normal/weapons/quillpod_turret_normal.png
voidspearpod,hardpoint,,1,normal,graphics/BR/shaders/normal/weapons/void_launcher_hpbase_normal.png
voidspearpod,turret,,1,normal,graphics/BR/shaders/normal/weapons/void_launcher_tbase_normal.png
brvulcan,hardpoint,,,surface,graphics/BR/shaders/surface/weapons/brvulcan_hp_surface.png
brvulcan,hardpointbarrel,,,surface,graphics/BR/shaders/surface/weapons/brvulcan_barrel2_surface.png
brvulcan,turret,,,surface,graphics/BR/shaders/surface/weapons/brvulcan_turret_surface.png
brvulcan,turretbarrel,,,surface,graphics/BR/shaders/surface/weapons/brvulcan_barrel_surface.png
br_iwbattery,hardpoint,,,surface,graphics/BR/shaders/surface/weapons/iwbatt_hp_surface.png
br_iwbattery,hardpointbarrel,,,surface,graphics/BR/shaders/surface/weapons/iwbatt_hpbarrel_surface.png
br_iwbattery,turret,,,surface,graphics/BR/shaders/surface/weapons/iwbatt_turret_surface.png
br_iwbattery,turretbarrel,,,surface,graphics/BR/shaders/surface/weapons/iwbatt_tbarrel_surface.png
brdy_ac,hardpoint,,,surface,graphics/BR/shaders/surface/weapons/br1_hardpoint_surface.png
brdy_ac,hardpointbarrel,,,surface,graphics/BR/shaders/surface/weapons/br1_hardpoint_recoil_surface.png
brdy_ac,turret,,,surface,graphics/BR/shaders/surface/weapons/br1_base_surface.png
brdy_ac,turretbarrel,,,surface,graphics/BR/shaders/surface/weapons/br1_recoil_surface.png
brdy_dualac,hardpoint,,,surface,graphics/BR/shaders/surface/weapons/medshard_hp_surface.png
brdy_dualac,hardpointbarrel,,,surface,graphics/BR/shaders/surface/weapons/medshard_hbarrel_surface.png
brdy_dualac,turret,,,surface,graphics/BR/shaders/surface/weapons/medshard_turret_surface.png
brdy_dualac,turretbarrel,,,surface,graphics/BR/shaders/surface/weapons/medshard_tbarrel_surface.png
brdy_ag,hardpoint,,,surface,graphics/BR/shaders/surface/weapons/br2hpbase_surface.png
brdy_ag,hardpointbarrel,,,surface,graphics/BR/shaders/surface/weapons/br2hprecoil_surface.png
brdy_ag,turret,,,surface,graphics/BR/shaders/surface/weapons/br2base_surface.png
brdy_ag,turretbarrel,,,surface,graphics/BR/shaders/surface/weapons/br2turretrecoil_surface.png
brdy_volley,hardpoint,,,surface,graphics/BR/shaders/surface/weapons/brvolley_hpbase_surface.png
brdy_volley,hardpointbarrel,,,surface,graphics/BR/shaders/surface/weapons/brvolley_hprecoil_surface.png
brdy_volley,turret,,,surface,graphics/BR/shaders/surface/weapons/brvolley_base_surface.png
brdy_volley,turretbarrel,,,surface,graphics/BR/shaders/surface/weapons/brvolley_recoil_surface.png
brdy_solenoid,hardpoint,,,surface,graphics/BR/shaders/surface/weapons/ferrogun_hpbase_surface.png
brdy_solenoid,hardpointbarrel,,,surface,graphics/BR/shaders/surface/weapons/ferrogun_hprecoil_surface.png
brdy_solenoid,turret,,,surface,graphics/BR/shaders/surface/weapons/ferrogun_turretbase_surface.png
brdy_solenoid,turretbarrel,,,surface,graphics/BR/shaders/surface/weapons/ferrogun_turretrecoil_surface.png
brdy_solenoidlarge,hardpoint,0,,surface,graphics/BR/shaders/surface/weapons/solenoid_large/sqclarge_hpbarrel00_surface.png
brdy_solenoidlarge,hardpoint,1,,surface,graphics/BR/shaders/surface/weapons/solenoid_large/sqclarge_hpbarrel01_surface.png
brdy_solenoidlarge,hardpoint,2,,surface,graphics/BR/shaders/surface/weapons/solenoid_large/sqclarge_hpbarrel02_surface.png
brdy_solenoidlarge,hardpoint,3,,surface,graphics/BR/shaders/surface/weapons/solenoid_large/sqclarge_hpbarrel03_surface.png
brdy_solenoidlarge,hardpoint,4,,surface,graphics/BR/shaders/surface/weapons/solenoid_large/sqclarge_hpbarrel04_surface.png
brdy_solenoidlarge,hardpoint,5,,surface,graphics/BR/shaders/surface/weapons/solenoid_large/sqclarge_hpbarrel05_surface.png
brdy_solenoidlarge,hardpoint,6,,surface,graphics/BR/shaders/surface/weapons/solenoid_large/sqclarge_hpbarrel06_surface.png
brdy_solenoidlarge,hardpoint,7,,surface,graphics/BR/shaders/surface/weapons/solenoid_large/sqclarge_hpbarrel07_surface.png
brdy_solenoidlarge,hardpoint,8,,surface,graphics/BR/shaders/surface/weapons/solenoid_large/sqclarge_hpbarrel08_surface.png
brdy_solenoidlarge,hardpoint,9,,surface,graphics/BR/shaders/surface/weapons/solenoid_large/sqclarge_hpbarrel09_surface.png
brdy_solenoidlarge,hardpoint,10,,surface,graphics/BR/shaders/surface/weapons/solenoid_large/sqclarge_hpbarrel10_surface.png
brdy_solenoidlarge,hardpoint,11,,surface,graphics/BR/shaders/surface/weapons/solenoid_large/sqclarge_hpbarrel11_surface.png
brdy_solenoidlarge,hardpoint,12,,surface,graphics/BR/shaders/surface/weapons/solenoid_large/sqclarge_hpbarrel12_surface.png
brdy_solenoidlarge,hardpoint,13,,surface,graphics/BR/shaders/surface/weapons/solenoid_large/sqclarge_hpbarrel13_surface.png
brdy_solenoidlarge,hardpoint,14,,surface,graphics/BR/shaders/surface/weapons/solenoid_large/sqclarge_hpbarrel14_surface.png
brdy_solenoidlarge,hardpoint,15,,surface,graphics/BR/shaders/surface/weapons/solenoid_large/sqclarge_hpbarrel15_surface.png
brdy_solenoidlarge,hardpoint,16,,surface,graphics/BR/shaders/surface/weapons/solenoid_large/sqclarge_hpbarrel16_surface.png
brdy_solenoidlarge,hardpoint,17,,surface,graphics/BR/shaders/surface/weapons/solenoid_large/sqclarge_hpbarrel17_surface.png
brdy_solenoidlarge,hardpoint,18,,surface,graphics/BR/shaders/surface/weapons/solenoid_large/sqclarge_hpbarrel18_surface.png
brdy_solenoidlarge,hardpoint,19,,surface,graphics/BR/shaders/surface/weapons/solenoid_large/sqclarge_hpbarrel19_surface.png
brdy_solenoidlarge,hardpoint,20,,surface,graphics/BR/shaders/surface/weapons/solenoid_large/sqclarge_hpbarrel20_surface.png
brdy_solenoidlarge,hardpoint,21,,surface,graphics/BR/shaders/surface/weapons/solenoid_large/sqclarge_hpbarrel21_surface.png
brdy_solenoidlarge,hardpoint,22,,surface,graphics/BR/shaders/surface/weapons/solenoid_large/sqclarge_hpbarrel22_surface.png
brdy_solenoidlarge,hardpoint,23,,surface,graphics/BR/shaders/surface/weapons/solenoid_large/sqclarge_hpbarrel23_surface.png
brdy_solenoidlarge,hardpoint,24,,surface,graphics/BR/shaders/surface/weapons/solenoid_large/sqclarge_hpbarrel24_surface.png
brdy_solenoidlarge,turret,0,,surface,graphics/BR/shaders/surface/weapons/solenoid_large/sqclarge_turret00_surface.png
brdy_solenoidlarge,turret,1,,surface,graphics/BR/shaders/surface/weapons/solenoid_large/sqclarge_turret01_surface.png
brdy_solenoidlarge,turret,2,,surface,graphics/BR/shaders/surface/weapons/solenoid_large/sqclarge_turret02_surface.png
brdy_solenoidlarge,turret,3,,surface,graphics/BR/shaders/surface/weapons/solenoid_large/sqclarge_turret03_surface.png
brdy_solenoidlarge,turret,4,,surface,graphics/BR/shaders/surface/weapons/solenoid_large/sqclarge_turret04_surface.png
brdy_solenoidlarge,turret,5,,surface,graphics/BR/shaders/surface/weapons/solenoid_large/sqclarge_turret05_surface.png
brdy_solenoidlarge,turret,6,,surface,graphics/BR/shaders/surface/weapons/solenoid_large/sqclarge_turret06_surface.png
brdy_solenoidlarge,turret,7,,surface,graphics/BR/shaders/surface/weapons/solenoid_large/sqclarge_turret07_surface.png
brdy_solenoidlarge,turret,8,,surface,graphics/BR/shaders/surface/weapons/solenoid_large/sqclarge_turret08_surface.png
brdy_solenoidlarge,turret,9,,surface,graphics/BR/shaders/surface/weapons/solenoid_large/sqclarge_turret09_surface.png
brdy_solenoidlarge,turret,10,,surface,graphics/BR/shaders/surface/weapons/solenoid_large/sqclarge_turret10_surface.png
brdy_solenoidlarge,turret,11,,surface,graphics/BR/shaders/surface/weapons/solenoid_large/sqclarge_turret11_surface.png
brdy_solenoidlarge,turret,12,,surface,graphics/BR/shaders/surface/weapons/solenoid_large/sqclarge_turret12_surface.png
brdy_solenoidlarge,turret,13,,surface,graphics/BR/shaders/surface/weapons/solenoid_large/sqclarge_turret13_surface.png
brdy_solenoidlarge,turret,14,,surface,graphics/BR/shaders/surface/weapons/solenoid_large/sqclarge_turret14_surface.png
brdy_solenoidlarge,turret,15,,surface,graphics/BR/shaders/surface/weapons/solenoid_large/sqclarge_turret15_surface.png
brdy_solenoidlarge,turret,16,,surface,graphics/BR/shaders/surface/weapons/solenoid_large/sqclarge_turret16_surface.png
brdy_solenoidlarge,turret,17,,surface,graphics/BR/shaders/surface/weapons/solenoid_large/sqclarge_turret17_surface.png
brdy_solenoidlarge,turret,18,,surface,graphics/BR/shaders/surface/weapons/solenoid_large/sqclarge_turret18_surface.png
brdy_solenoidlarge,turret,19,,surface,graphics/BR/shaders/surface/weapons/solenoid_large/sqclarge_turret19_surface.png
brdy_solenoidlarge,turret,20,,surface,graphics/BR/shaders/surface/weapons/solenoid_large/sqclarge_turret20_surface.png
brdy_solenoidlarge,turret,21,,surface,graphics/BR/shaders/surface/weapons/solenoid_large/sqclarge_turret21_surface.png
brdy_solenoidlarge,turret,22,,surface,graphics/BR/shaders/surface/weapons/solenoid_large/sqclarge_turret22_surface.png
brdy_solenoidlarge,turret,23,,surface,graphics/BR/shaders/surface/weapons/solenoid_large/sqclarge_turret23_surface.png
brdy_solenoidlarge,turret,24,,surface,graphics/BR/shaders/surface/weapons/solenoid_large/sqclarge_turret24_surface.png
brdy_squallgun,hardpoint,,,surface,graphics/BR/shaders/surface/weapons/strikegun_hardpoint_base_surface.png
brdy_squallgun,hardpointbarrel,,,surface,graphics/BR/shaders/surface/weapons/strikegun_hardpoint_recoil_surface.png
brdy_squallgun,turret,,,surface,graphics/BR/shaders/surface/weapons/strikegun_base_surface.png
brdy_squallgun,turretbarrel,,,surface,graphics/BR/shaders/surface/weapons/strikegun_recoil_surface.png
brdy_galecannon,hardpoint,,,surface,graphics/BR/shaders/surface/weapons/galecannon_hpbase_surface.png
brdy_galecannon,hardpointbarrel,,,surface,graphics/BR/shaders/surface/weapons/galecannon_hpbarrel_surface.png
brdy_galecannon,turret,,,surface,graphics/BR/shaders/surface/weapons/galecannon_tbase_surface.png
brdy_galecannon,turretbarrel,,,surface,graphics/BR/shaders/surface/weapons/galecannon_tbarrel_surface.png
brdy_dronegale,hardpoint,,,surface,graphics/BR/shaders/surface/weapons/dronegale_base_surface.png
brdy_dronegale,hardpointbarrel,,,surface,graphics/BR/shaders/surface/weapons/dronegale_barrel_surface.png
brdy_dronegale,turret,,,surface,graphics/BR/shaders/surface/weapons/galecannon_tbase_surface.png
brdy_dronegale,turretbarrel,,,surface,graphics/BR/shaders/surface/weapons/galecannon_tbarrel_surface.png
brdy_squallbattery,hardpoint,,,surface,graphics/BR/shaders/surface/weapons/squallbattery_hpbase_surface.png
brdy_squallbattery,hardpointbarrel,,,surface,graphics/BR/shaders/surface/weapons/squallbattery_hprecoil_surface.png
brdy_squallbattery,turret,,,surface,graphics/BR/shaders/surface/weapons/squallbattery_turretbase_surface.png
brdy_squallbattery,turretbarrel,,,surface,graphics/BR/shaders/surface/weapons/squallbattery_turretrecoil_surface.png
brdy_linear,hardpoint,,,surface,graphics/BR/shaders/surface/weapons/br_linearhp_surface.png
brdy_linear,turret,,,surface,graphics/BR/shaders/surface/weapons/br_linearturret_surface.png
brdy_argussmall,hardpoint,,,surface,graphics/BR/shaders/surface/weapons/argussmall_hp_surface.png
brdy_argussmall,turret,,,surface,graphics/BR/shaders/surface/weapons/argussmall_turret_surface.png
brburst,hardpoint,,,surface,graphics/BR/shaders/surface/weapons/arguspd_hp_base_surface.png
brburst,turret,,,surface,graphics/BR/shaders/surface/weapons/arguspd_turret_base_surface.png
brdy_plasma,hardpoint,,,surface,graphics/BR/shaders/surface/weapons/SQG_hardpoint_base_surface.png
brdy_plasma,hardpointbarrel,,,surface,graphics/BR/shaders/surface/weapons/SQG_recoil_surface.png
brdy_plasma,turret,,,surface,graphics/BR/shaders/surface/weapons/SQG_turret_base_surface.png
brdy_plasma,turretbarrel,,,surface,graphics/BR/shaders/surface/weapons/SQG_recoil_surface.png
br_pde,hardpoint,,,surface,graphics/BR/shaders/surface/weapons/br_pdehp_surface.png
br_pde,turret,,,surface,graphics/BR/shaders/surface/weapons/br_pde_surface.png
br_fpde,hardpoint,,,surface,graphics/BR/shaders/surface/weapons/br_fpde_hp_surface.png
br_fpde,turret,,,surface,graphics/BR/shaders/surface/weapons/br_fpde_surface.png
br_xlpde,hardpoint,,,surface,graphics/BR/shaders/surface/weapons/sunstorm_hp_surface.png
br_xlpde,turret,,,surface,graphics/BR/shaders/surface/weapons/sunstorm_t_surface.png
brdy_iwcannon,hardpoint,,,surface,graphics/BR/shaders/surface/weapons/br_iwcannon_hpbase_surface.png
brdy_iwcannon,hardpointbarrel,,,surface,graphics/BR/shaders/surface/weapons/br_iwcannon_hpbarrel_surface.png
brdy_iwcannon,turret,,,surface,graphics/BR/shaders/surface/weapons/br_iwcannon_tbase_surface.png
brdy_iwcannon,turretbarrel,,,surface,graphics/BR/shaders/surface/weapons/br_iwcannon_tbarrel_surface.png
brdy_quill,hardpoint,,,surface,graphics/BR/shaders/surface/weapons/quill_srm_launcher_hardpoint_base_surface.png
brdy_quill,turret,,,surface,graphics/BR/shaders/surface/weapons/quill_srm_launcher_turret_base_surface.png
voidspear_srm,hardpoint,,,surface,graphics/BR/shaders/surface/weapons/void_rack_hpbase_surface.png
voidspear_srm,turret,,,surface,graphics/BR/shaders/surface/weapons/void_rack_tbase_surface.png
brdy_scannon,hardpoint,,,surface,graphics/BR/shaders/surface/weapons/scannon_hp_surface.png
brdy_scannon,turret,,,surface,graphics/BR/shaders/surface/weapons/scannon_t_surface.png
brdy_miniargus,hardpoint,,,surface,graphics/BR/shaders/surface/weapons/argussmall_hp_surface.png
brdy_miniargus,turret,,,surface,graphics/BR/shaders/surface/weapons/miniargus_turret_surface.png
br_minishard,hardpoint,,,surface,graphics/BR/shaders/surface/weapons/microshard_hpbase_surface.png
br_minishard,hardpointbarrel,,,surface,graphics/BR/shaders/surface/weapons/microshard_hpbarrel_surface.png
br_minishard,turret,,,surface,graphics/BR/shaders/surface/weapons/microshard_turretbase_surface.png
br_minishard,turretbarrel,,,surface,graphics/BR/shaders/surface/weapons/microshard_turretbarrel_surface.png
brdy_afmissile,hardpoint,,,surface,graphics/BR/shaders/surface/weapons/smalldart_srm_hp_surface.png
brdy_afmissile,turret,,,surface,graphics/BR/shaders/surface/weapons/smalldart_srm_turret_surface.png
brdy_afmissilebig,hardpoint,,,surface,graphics/BR/shaders/surface/weapons/dart_srm_hp_surface.png
brdy_afmissilebig,turret,,,surface,graphics/BR/shaders/surface/weapons/dart_srm_turret_surface.png
brdy_quillpod,hardpoint,,,surface,graphics/BR/shaders/surface/weapons/quillpod_hardpoint_surface.png
brdy_quillpod,turret,,,surface,graphics/BR/shaders/surface/weapons/quillpod_turret_surface.png
voidspearpod,hardpoint,,,surface,graphics/BR/shaders/surface/weapons/void_launcher_hpbase_surface.png
voidspearpod,turret,,,surface,graphics/BR/shaders/surface/weapons/void_launcher_tbase_surface.png
achilles_stage1,missile,,,material,graphics/BR/shaders/material/missiles/missile_achilles_stage1_material.png
achilles_stage2,missile,,,material,graphics/BR/shaders/material/missiles/missile_achilles_stage2_material.png
brdy_afmissile,missile,,,material,graphics/BR/shaders/material/missiles/dart_SRM_material.png
brdy_furytorp,missile,,,material,graphics/BR/shaders/material/missiles/br_furytorp_material.png
brdy_hammerclawcase,missile,,,material,graphics/BR/shaders/material/missiles/hammerclaw1_material.png
fluxtank,missile,,,material,graphics/BR/shaders/material/missiles/Flux_Tank_material.png
quill_srm,missile,,,material,graphics/BR/shaders/material/missiles/quill_SRM_material.png
voidspear,missile,,,material,graphics/BR/shaders/material/missiles/missile_voidspear_material.png
achilles_stage1,missile,,1,normal,graphics/BR/shaders/normal/missiles/missile_achilles_stage1_normal.png
achilles_stage2,missile,,1,normal,graphics/BR/shaders/normal/missiles/missile_achilles_stage2_normal.png
brdy_afmissile,missile,,1,normal,graphics/BR/shaders/normal/missiles/dart_SRM_normal.png
brdy_furytorp,missile,,1,normal,graphics/BR/shaders/normal/missiles/br_furytorp_normal.png
brdy_hammerclawcase,missile,,1,normal,graphics/BR/shaders/normal/missiles/hammerclaw1_normal.png
fluxtank,missile,,1,normal,graphics/BR/shaders/normal/missiles/Flux_Tank_normal.png
quill_srm,missile,,1,normal,graphics/BR/shaders/normal/missiles/quill_SRM_normal.png
voidspear,missile,,1,normal,graphics/BR/shaders/normal/missiles/missile_voidspear_normal.png
achilles_stage1,missile,,,surface,graphics/BR/shaders/surface/missiles/missile_achilles_stage1_surface.png
achilles_stage2,missile,,,surface,graphics/BR/shaders/surface/missiles/missile_achilles_stage2_surface.png
brdy_afmissile,missile,,,surface,graphics/BR/shaders/surface/missiles/dart_SRM_surface.png
brdy_furytorp,missile,,,surface,graphics/BR/shaders/surface/missiles/br_furytorp_surface.png
brdy_hammerclawcase,missile,,,surface,graphics/BR/shaders/surface/missiles/hammerclaw1_surface.png
fluxtank,missile,,,surface,graphics/BR/shaders/surface/missiles/Flux_Tank_surface.png
quill_srm,missile,,,surface,graphics/BR/shaders/surface/missiles/quill_SRM_surface.png
voidspear,missile,,,surface,graphics/BR/shaders/surface/missiles/missile_voidspear_surface.png
scalaron_torpedo_small,turret,,1,normal,graphics/BR/shaders/normal/weapons/br_spulse_turret_normal.png
scalaron_torpedo_small,turret,,,surface,graphics/BR/shaders/surface/weapons/br_spulse_turret_surface.png
scalaron_torpedo_small,turret,,,material,graphics/BR/shaders/material/weapons/br_spulse_turret_material.png
scalaron_torpedo_small,hardpoint,,1,normal,graphics/BR/shaders/normal/weapons/br_spulse_hp_normal.png
scalaron_torpedo_small,hardpoint,,,surface,graphics/BR/shaders/surface/weapons/br_spulse_hp_surface.png
scalaron_torpedo_small,hardpoint,,,material,graphics/BR/shaders/material/weapons/br_spulse_hp_material.png
brdy_megaceras,ship,,1,normal,graphics/BR/shaders/normal/ships/br_megaceras_normal.png
brdy_megaceras,ship,,,surface,graphics/BR/shaders/surface/ships/br_megaceras_surface.png
brdy_megaceras,ship,,,material,graphics/BR/shaders/material/ships/br_megaceras_material.png
brdy_eurypterus,ship,,1,normal,graphics/BR/shaders/normal/ships/br_eurypterus_normal.png
brdy_eurypterus,ship,,,surface,graphics/BR/shaders/surface/ships/br_eurypterus_surface.png
brdy_eurypterus,ship,,,material,graphics/BR/shaders/material/ships/br_eurypterus_material.png
brdy_plance,turret,,1,normal,graphics/BR/shaders/normal/weapons/particlelance_turret_normal.png
brdy_plance,turret,,,surface,graphics/BR/shaders/surface/weapons/particlelance_turret_surface.png
brdy_plance,turret,,,material,graphics/BR/shaders/material/weapons/particlelance_turret_material.png
brdy_plance,hardpoint,,1,normal,graphics/BR/shaders/normal/weapons/particlelance_hp_normal.png
brdy_plance,hardpoint,,,surface,graphics/BR/shaders/surface/weapons/particlelance_hp_surface.png
brdy_plance,hardpoint,,,material,graphics/BR/shaders/material/weapons/particlelance_hp_material.png
brdy_plance,turret,,1,normal,graphics/BR/shaders/normal/weapons/particlelance_turret_normal.png
particlerifle,hardpoint,,,material,graphics/BR/shaders/material/weapons/particlerifle_hp_base_material.png
particlerifle,turret,,,material,graphics/BR/shaders/material/weapons/particlerifle_turret_base_material.png
particlerifle,hardpoint,,,surface,graphics/BR/shaders/surface/weapons/particlerifle_hp_base_surface.png
particlerifle,turret,,,surface,graphics/BR/shaders/surface/weapons/particlerifle_turret_base_surface.png
particlerifle,hardpoint,,1,normal,graphics/BR/shaders/normal/weapons/particlerifle_hp_base_normal.png
particlerifle,turret,,1,normal,graphics/BR/shaders/normal/weapons/particlerifle_turret_base_normal.png
furylauncher,turret,,,material,graphics/BR/shaders/material/weapons/furylauncher_turret_material.png
furylauncher,hardpoint,,,material,graphics/BR/shaders/material/weapons/furylauncher_hp_material.png
furylauncher,turret,,,surface,graphics/BR/shaders/surface/weapons/furylauncher_turret_surface.png
furylauncher,hardpoint,,,surface,graphics/BR/shaders/surface/weapons/furylauncher_hp_surface.png
furylauncher,turret,,1,normal,graphics/BR/shaders/normal/weapons/furylauncher_turret_normal.png
furylauncher,hardpoint,,1,normal,graphics/BR/shaders/normal/weapons/furylauncher_hp_normal.png
scalaron_torpedo_med,turret,,,surface,graphics/BR/shaders/surface/weapons/hvy_spl_t_surface.png
scalaron_torpedo_med,hardpoint,,,surface,graphics/BR/shaders/surface/weapons/hvy_spl_hp_surface.png
scalaron_torpedo_med,turret,,,material,graphics/BR/shaders/material/weapons/hvy_spl_t_material.png
scalaron_torpedo_med,hardpoint,,,material,graphics/BR/shaders/material/weapons/hvy_spl_hp_material.png
scalaron_torpedo_med,turret,,1,normal,graphics/BR/shaders/normal/weapons/hvy_spl_t_normal.png
scalaron_torpedo_med,hardpoint,,1,normal,graphics/BR/shaders/normal/weapons/hvy_spl_hp_normal.png
br_rage_srm,turret,,,surface,graphics/BR/shaders/surface/weapons/srm_rack_t_surface.png
br_rage_srm,hardpoint,,,surface,graphics/BR/shaders/surface/weapons/srm_rack_hp_surface.png
br_rage_srm,turret,,,material,graphics/BR/shaders/material/weapons/srm_rack_t_material.png
br_rage_srm,hardpoint,,,material,graphics/BR/shaders/material/weapons/srm_rack_hp_material.png
br_rage_srm,turret,,1,normal,graphics/BR/shaders/normal/weapons/srm_rack_t_normal.png
br_rage_srm,hardpoint,,1,normal,graphics/BR/shaders/normal/weapons/srm_rack_hp_normal.png
br_rage_pod,turret,,,surface,graphics/BR/shaders/surface/weapons/srm_pod_t_surface.png
br_rage_pod,hardpoint,,,surface,graphics/BR/shaders/surface/weapons/srm_pod_hp_surface.png
br_rage_pod,turret,,,material,graphics/BR/shaders/material/weapons/srm_pod_t_material.png
br_rage_pod,hardpoint,,,material,graphics/BR/shaders/material/weapons/srm_pod_hp_material.png
br_rage_pod,turret,,1,normal,graphics/BR/shaders/normal/weapons/srm_pod_t_normal.png
br_rage_pod,hardpoint,,1,normal,graphics/BR/shaders/normal/weapons/srm_pod_hp_normal.png
brdy_stenosdrone,ship,,1,normal,graphics/BR/shaders/normal/ships/stenos_drone_normal.png
brdy_stenosdrone,ship,,,surface,graphics/BR/shaders/surface/ships/stenos_drone_surface.png
brdy_stenosdrone,ship,,,material,graphics/BR/shaders/material/ships/stenos_drone_material.png
brdy_taipan,ship,,1,normal,graphics/BR/shaders/normal/ships/taipan_normal.png
brdy_taipan,ship,,,surface,graphics/BR/shaders/surface/ships/taipan_surface.png
brdy_taipan,ship,,,material,graphics/BR/shaders/material/ships/taipan_material.png
brdy_hawkmoth,ship,,1,normal,graphics/BR/shaders/normal/ships/moth_normal.png
brdy_hawkmoth,ship,,,surface,graphics/BR/shaders/surface/ships/moth_surface.png
brdy_hawkmoth,ship,,,material,graphics/BR/shaders/material/ships/moth_material.png
brdy_nadir,ship,,1,normal,graphics/BR/shaders/normal/ships/nadir_normal.png
brdy_nadir,ship,,,surface,graphics/BR/shaders/surface/ships/nadir_surface.png
brdy_nadir,ship,,,material,graphics/BR/shaders/material/ships/nadir_material.png
brdy_robberfly_p,ship,,1,normal,graphics/BR/shaders/normal/ships/robberfly_p_normal.png
brdy_robberfly_p,ship,,,surface,graphics/BR/shaders/surface/ships/robberfly_p_surface.png
brdy_robberfly_p,ship,,,material,graphics/BR/shaders/material/ships/robberfly_p_material.png
brdy_mosquito,ship,,1,normal,graphics/BR/shaders/normal/ships/mosquito_normal.png
brdy_mosquito,ship,,,surface,graphics/BR/shaders/surface/ships/mosquito_surface.png
brdy_mosquito,ship,,,material,graphics/BR/shaders/material/ships/mosquito_material.png
brdy_gonodactylus_p,ship,,1,normal,graphics/BR/shaders/normal/ships/gonodactylus_p_normal.png
brdy_gonodactylus_p,ship,,,surface,graphics/BR/shaders/surface/ships/gonodactylus_p_surface.png
brdy_gonodactylus_p,ship,,,material,graphics/BR/shaders/material/ships/gonodactylus_p_material.png
brdy_silverfish_mod_p,ship,,1,normal,graphics/BR/shaders/normal/ships/brdy_silverfish_mod_p_normal.png
brdy_silverfish_mod_p,ship,,,surface,graphics/BR/shaders/surface/ships/brdy_silverfish_mod_p_surface.png
brdy_silverfish_mod_p,ship,,,material,graphics/BR/shaders/material/ships/brdy_silverfish_mod_p_material.png
brdy_zabrus,ship,,1,normal,graphics/BR/shaders/normal/ships/brdy_zabrus_normal.png
brdy_zabrus,ship,,,surface,graphics/BR/shaders/surface/ships/brdy_zabrus_surface.png
brdy_zabrus,ship,,,material,graphics/BR/shaders/material/ships/brdy_zabrus_material.png
brdy_zabrus_p,ship,,1,normal,graphics/BR/shaders/normal/ships/brdy_zabrus_p_normal.png
brdy_zabrus_p,ship,,,surface,graphics/BR/shaders/surface/ships/brdy_zabrus_p_surface.png
brdy_zabrus_p,ship,,,material,graphics/BR/shaders/material/ships/brdy_zabrus_p_material.png
brdy_hshard,turret,,,material,graphics/BR/shaders/material/weapons/hshard_tbase_material.png
brdy_hshard,hardpoint,,,material,graphics/BR/shaders/material/weapons/hshard_hpbase_material.png
brdy_hshard,turret,,,surface,graphics/BR/shaders/surface/weapons/hshard_tbase_surface.png
brdy_hshard,hardpoint,,,surface,graphics/BR/shaders/surface/weapons/hshard_hpbase_surface.png
brdy_hshard,turret,,1,normal,graphics/BR/shaders/normal/weapons/hshard_tbase_normal.png
brdy_hshard,hardpoint,,1,normal,graphics/BR/shaders/normal/weapons/hshard_hpbase_normal.png
brdy_hshard,turretbarrel,,,material,graphics/BR/shaders/material/weapons/hshard_tbarrel_material.png
brdy_hshard,hardpointbarrel,,,material,graphics/BR/shaders/material/weapons/hshard_hpbarrel_material.png
brdy_hshard,turretbarrel,,,surface,graphics/BR/shaders/surface/weapons/hshard_tbarrel_surface.png
brdy_hshard,hardpointbarrel,,,surface,graphics/BR/shaders/surface/weapons/hshard_hpbarrel_surface.png
brdy_hshard,turretbarrel,,1,normal,graphics/BR/shaders/normal/weapons/hshard_tbarrel_normal.png
brdy_hshard,hardpointbarrel,,1,normal,graphics/BR/shaders/normal/weapons/hshard_hpbarrel_normal.png
brdy_pcc,turret,,,material,graphics/BR/shaders/material/weapons/hailstorm_tbase_material.png
brdy_pcc,hardpoint,,,material,graphics/BR/shaders/material/weapons/hailstorm_hpbase_material.png
brdy_pcc,turret,,,surface,graphics/BR/shaders/surface/weapons/hailstorm_tbase_surface.png
brdy_pcc,hardpoint,,,surface,graphics/BR/shaders/surface/weapons/hailstorm_hpbase_surface.png
brdy_pcc,turret,,1,normal,graphics/BR/shaders/normal/weapons/hailstorm_tbase_normal.png
brdy_pcc,hardpoint,,1,normal,graphics/BR/shaders/normal/weapons/hailstorm_hpbase_normal.png
brdy_pcc,turretbarrel,,,material,graphics/BR/shaders/material/weapons/hailstorm_tbarrel_material.png
brdy_pcc,hardpointbarrel,,,material,graphics/BR/shaders/material/weapons/hailstorm_hpbarrel_material.png
brdy_pcc,turretbarrel,,,surface,graphics/BR/shaders/surface/weapons/hailstorm_tbarrel_surface.png
brdy_pcc,hardpointbarrel,,,surface,graphics/BR/shaders/surface/weapons/hailstorm_hpbarrel_surface.png
brdy_pcc,turretbarrel,,1,normal,graphics/BR/shaders/normal/weapons/hailstorm_tbarrel_normal.png
brdy_pcc,hardpointbarrel,,1,normal,graphics/BR/shaders/normal/weapons/hailstorm_hpbarrel_normal.png
brdy_dynastos,ship,,1,normal,graphics/BR/shaders/normal/ships/brdy_dynastos_normal.png
brdy_dynastos,ship,,,surface,graphics/BR/shaders/surface/ships/brdy_dynastos_surface.png
brdy_dynastos,ship,,,material,graphics/BR/shaders/material/ships/brdy_dynastos_material.png
brdy_antaeus,ship,,1,normal,graphics/BR/shaders/normal/ships/brdy_antaeus_normal.png
brdy_antaeus,ship,,,surface,graphics/BR/shaders/surface/ships/brdy_antaeus_surface.png
brdy_antaeus,ship,,,material,graphics/BR/shaders/material/ships/brdy_antaeus_material.png
brdy_thunderhead,turret,,1,normal,graphics/BR/shaders/normal/weapons/thunderhead_tbase_normal.png
brdy_thunderhead,turret,,,surface,graphics/BR/shaders/surface/weapons/thunderhead_tbase_surface.png
brdy_thunderhead,turret,,,material,graphics/BR/shaders/material/weapons/thunderhead_tbase_material.png
brdy_thunderhead,hardpoint,,1,normal,graphics/BR/shaders/normal/weapons/thunderhead_hpbase_normal.png
brdy_thunderhead,hardpoint,,,surface,graphics/BR/shaders/surface/weapons/thunderhead_hpbase_surface.png
brdy_thunderhead,hardpoint,,,material,graphics/BR/shaders/material/weapons/thunderhead_hpbase_material.png
brdy_thunderhead,turretbarrel,,1,normal,graphics/BR/shaders/normal/weapons/thunderhead_tbarrel_normal.png
brdy_thunderhead,turretbarrel,,,surface,graphics/BR/shaders/surface/weapons/thunderhead_tbarrel_surface.png
brdy_thunderhead,turretbarrel,,,material,graphics/BR/shaders/material/weapons/thunderhead_tbarrel_material.png
brdy_thunderhead,hardpointbarrel,,1,normal,graphics/BR/shaders/normal/weapons/thunderhead_hpbarrel_normal.png
brdy_thunderhead,hardpointbarrel,,,surface,graphics/BR/shaders/surface/weapons/thunderhead_hpbarrel_surface.png
brdy_thunderhead,hardpointbarrel,,,material,graphics/BR/shaders/material/weapons/thunderhead_hpbarrel_material.png
brdy_espada,turret,,1,normal,graphics/BR/shaders/normal/weapons/espada_turret_normal.png
brdy_espada,turret,,,surface,graphics/BR/shaders/surface/weapons/espada_turret_surface.png
brdy_espada,turret,,,material,graphics/BR/shaders/material/weapons/espada_turret_material.png
brdy_espada,hardpoint,,1,normal,graphics/BR/shaders/normal/weapons/espada_hp_normal.png
brdy_espada,hardpoint,,,surface,graphics/BR/shaders/surface/weapons/espada_hp_surface.png
brdy_espada,hardpoint,,,material,graphics/BR/shaders/material/weapons/espada_hp_material.png
brdy_cc,turret,,1,normal,graphics/BR/shaders/normal/weapons/brcc_turret_normal.png
brdy_cc,turret,,,surface,graphics/BR/shaders/surface/weapons/brcc_turret_surface.png
brdy_cc,turret,,,material,graphics/BR/shaders/material/weapons/brcc_turret_material.png
brdy_cc,hardpoint,,1,normal,graphics/BR/shaders/normal/weapons/brcc_hp_normal.png
brdy_cc,hardpoint,,,surface,graphics/BR/shaders/surface/weapons/brcc_hp_surface.png
brdy_cc,hardpoint,,,material,graphics/BR/shaders/material/weapons/brcc_hp_material.png
brdy_cc,turretbarrel,,1,normal,graphics/BR/shaders/normal/weapons/brcc_tbarrel_normal.png
brdy_cc,turretbarrel,,,surface,graphics/BR/shaders/surface/weapons/brcc_tbarrel_surface.png
brdy_cc,turretbarrel,,,material,graphics/BR/shaders/material/weapons/brcc_tbarrel_material.png
brdy_cc,hardpointbarrel,,1,normal,graphics/BR/shaders/normal/weapons/brcc_hpbarrel_normal.png
brdy_cc,hardpointbarrel,,,surface,graphics/BR/shaders/surface/weapons/brcc_hpbarrel_surface.png
brdy_cc,hardpointbarrel,,,material,graphics/BR/shaders/material/weapons/brcc_hpbarrel_material.png
brdy_mage_s,turret,,1,normal,graphics/BR/shaders/normal/weapons/wspr_turret_normal.png
brdy_mage_s,turret,,,surface,graphics/BR/shaders/surface/weapons/wspr_turret_surface.png
brdy_mage_s,turret,,,material,graphics/BR/shaders/material/weapons/wspr_turret_material.png
brdy_mage_s,hardpoint,,1,normal,graphics/BR/shaders/normal/weapons/wspr_hp_normal.png
brdy_mage_s,hardpoint,,,surface,graphics/BR/shaders/surface/weapons/wspr_hp_surface.png
brdy_mage_s,hardpoint,,,material,graphics/BR/shaders/material/weapons/wspr_hp_material.png
brdy_mage_m,turret,,1,normal,graphics/BR/shaders/normal/weapons/wsprbig_turret_normal.png
brdy_mage_m,turret,,,surface,graphics/BR/shaders/surface/weapons/wsprbig_turret_surface.png
brdy_mage_m,turret,,,material,graphics/BR/shaders/material/weapons/wsprbig_turret_material.png
brdy_mage_m,hardpoint,,1,normal,graphics/BR/shaders/normal/weapons/wsprbig_hp_normal.png
brdy_mage_m,hardpoint,,,surface,graphics/BR/shaders/surface/weapons/wsprbig_hp_surface.png
brdy_mage_m,hardpoint,,,material,graphics/BR/shaders/material/weapons/wsprbig_hp_material.png
brdy_hellbender,ship,,1,normal,graphics/BR/shaders/normal/ships/hellbender_normal.png
brdy_hellbender,ship,,,surface,graphics/BR/shaders/surface/ships/hellbender_surface.png
brdy_hellbender,ship,,,material,graphics/BR/shaders/material/ships/hellbender_material.png
